situazione,area,azione,testo,indirizzo,tipo_collegamento,motivazione,fonte_materie
curiosita,Interessi,curiosita-1,Capire come si sentono le persone e che cosa può aiutarle nella vita di tutti i giorni.,ssas,diretto,"Ascolto, bisogni e benessere si approfondiscono in Psicologia, Igiene e Metodologie operative.",https://www.iismeuccimattei.edu.it/indirizzo-di-studio/servizi-per-la-sanita-e-lassistenza-sociale/
curiosita,Interessi,curiosita-2,Disegnare una stanza o un edificio e capire come vengono realizzati.,cat,diretto,Disegno e realizzazione degli spazi si approfondiscono in Progettazione e Costruzioni.,https://www.iismeuccimattei.edu.it/indirizzo-di-studio/costruzioni-ambiente-e-territorio/
curiosita,Interessi,curiosita-3,Capire come si usano i soldi e come si confrontano prezzi e spese.,afm,diretto,"Prezzi, spese e decisioni economiche si approfondiscono in Economia aziendale.",https://www.iismeuccimattei.edu.it/indirizzo-di-studio/amministrazione-finanza-e-marketing/
curiosita,Interessi,curiosita-3,Capire come si usano i soldi e come si confrontano prezzi e spese.,sia,trasversale,"Anche SIA usa dati economici, soprattutto quando vengono gestiti con strumenti informatici.",https://www.iismeuccimattei.edu.it/indirizzo-di-studio/sistemi-informativi-aziendali/
curiosita,Interessi,curiosita-4,Scoprire come funzionano app e programmi e come si usano le informazioni.,sia,diretto,Programmi e gestione delle informazioni si approfondiscono in Informatica.,https://www.iismeuccimattei.edu.it/indirizzo-di-studio/sistemi-informativi-aziendali/
curiosita,Interessi,curiosita-5,Parlare altre lingue e raccontare luoghi attraverso parole e immagini.,turismo,diretto,"Lingue, Geografia turistica e Arte e territorio collegano comunicazione e luoghi.",https://www.iismeuccimattei.edu.it/indirizzo-di-studio/turismo/
video,Curiosità quotidiane,video-1,La storia di un luogo e delle persone che ci vivono.,turismo,diretto,Conoscere e raccontare i luoghi collega Geografia turistica e Arte e territorio.,https://www.iismeuccimattei.edu.it/indirizzo-di-studio/turismo/
video,Curiosità quotidiane,video-1,La storia di un luogo e delle persone che ci vivono.,ssas,trasversale,Le storie di vita possono aprire domande sulle persone e sui contesti sociali.,https://www.iismeuccimattei.edu.it/indirizzo-di-studio/servizi-per-la-sanita-e-lassistenza-sociale/
video,Curiosità quotidiane,video-2,Come lavora un’azienda e come arrivano i suoi prodotti nei negozi.,afm,diretto,Prodotti e organizzazione delle imprese sono temi di Economia aziendale.,https://www.iismeuccimattei.edu.it/indirizzo-di-studio/amministrazione-finanza-e-marketing/
video,Curiosità quotidiane,video-3,Perché lo stesso prodotto può avere prezzi diversi.,afm,diretto,Costi e prezzi sono temi di Economia aziendale ed Economia politica.,https://www.iismeuccimattei.edu.it/indirizzo-di-studio/amministrazione-finanza-e-marketing/
video,Curiosità quotidiane,video-4,Come si costruisce un programma che risolve un piccolo problema.,sia,diretto,Costruire e verificare un programma è un’attività di Informatica.,https://www.iismeuccimattei.edu.it/indirizzo-di-studio/sistemi-informativi-aziendali/
video,Curiosità quotidiane,video-5,Come si salutano e si raccontano le cose in lingue e culture diverse.,turismo,diretto,Comunicare tra lingue e culture è centrale nello studio delle lingue straniere.,https://www.iismeuccimattei.edu.it/indirizzo-di-studio/turismo/
imparare,Desideri di apprendimento,imparare-1,Capire i comportamenti delle persone e imparare ad ascoltarle.,ssas,diretto,Comportamenti e ascolto si esplorano in Psicologia e Metodologie operative.,https://www.iismeuccimattei.edu.it/indirizzo-di-studio/servizi-per-la-sanita-e-lassistenza-sociale/
imparare,Desideri di apprendimento,imparare-2,Scoprire i diversi lavori di un’azienda e come le persone collaborano.,afm,diretto,Ruoli e organizzazione aziendale si approfondiscono in Economia aziendale.,https://www.iismeuccimattei.edu.it/indirizzo-di-studio/amministrazione-finanza-e-marketing/
imparare,Desideri di apprendimento,imparare-3,Usare il disegno per rappresentare oggetti e spazi pensati per le persone.,cat,diretto,Disegnare spazi risponde a problemi di Progettazione e Costruzioni.,https://www.iismeuccimattei.edu.it/indirizzo-di-studio/costruzioni-ambiente-e-territorio/
imparare,Desideri di apprendimento,imparare-4,"Comunicare con persone di altri paesi, anche usando immagini e altre lingue.",turismo,diretto,Lingue straniere e accoglienza permettono di incontrare persone di altri paesi.,https://www.iismeuccimattei.edu.it/indirizzo-di-studio/turismo/
imparare,Desideri di apprendimento,imparare-5,"Conoscere luoghi, servizi e opportunità del territorio in cui vivi.",ssas,diretto,Conoscere risorse e servizi del territorio si collega a Metodologie operative e Diritto.,https://www.iismeuccimattei.edu.it/indirizzo-di-studio/servizi-per-la-sanita-e-lassistenza-sociale/
imparare,Desideri di apprendimento,imparare-5,"Conoscere luoghi, servizi e opportunità del territorio in cui vivi.",turismo,trasversale,Conoscere luoghi e opportunità può servire anche a costruire esperienze di visita.,https://www.iismeuccimattei.edu.it/indirizzo-di-studio/turismo/
domande,Problemi da capire,domande-1,Quando conviene comprare un oggetto nuovo e quando ripararlo?,afm,diretto,Confrontare costi e convenienza richiama Economia aziendale.,https://www.iismeuccimattei.edu.it/indirizzo-di-studio/amministrazione-finanza-e-marketing/
domande,Problemi da capire,domande-2,Come fa un’app a trovare le informazioni che cerco?,sia,diretto,Ricerca e organizzazione delle informazioni sono temi di Informatica.,https://www.iismeuccimattei.edu.it/indirizzo-di-studio/sistemi-informativi-aziendali/
domande,Problemi da capire,domande-3,Come si passa dalle misure di un oggetto al suo disegno?,cat,diretto,Misurare e rappresentare si collega a Topografia e Progettazione.,https://www.iismeuccimattei.edu.it/indirizzo-di-studio/costruzioni-ambiente-e-territorio/
domande,Problemi da capire,domande-4,Quali servizi ci sono in un paese e a chi possono essere utili?,ssas,diretto,Collegare bisogni e servizi è un tema di Metodologie operative e Diritto.,https://www.iismeuccimattei.edu.it/indirizzo-di-studio/servizi-per-la-sanita-e-lassistenza-sociale/
domande,Problemi da capire,domande-5,"Come funziona un acquisto, dall’ordine alla consegna?",afm,diretto,Acquisti e processi aziendali si approfondiscono in Economia aziendale.,https://www.iismeuccimattei.edu.it/indirizzo-di-studio/amministrazione-finanza-e-marketing/
visita-interessi,Luoghi e persone,visita-interessi-1,La storia del luogo e il modo in cui vivono le persone.,turismo,diretto,Storia e caratteristiche di un luogo si collegano ad Arte e territorio e Geografia turistica.,https://www.iismeuccimattei.edu.it/indirizzo-di-studio/turismo/
visita-interessi,Luoghi e persone,visita-interessi-2,"Come sono fatti gli edifici, le strade e le mappe.",cat,diretto,Edifici e rappresentazioni del territorio si approfondiscono in Costruzioni e Topografia.,https://www.iismeuccimattei.edu.it/indirizzo-di-studio/costruzioni-ambiente-e-territorio/
visita-interessi,Luoghi e persone,visita-interessi-3,Come raccontare quel luogo a una persona che parla un’altra lingua.,turismo,diretto,Lingue straniere e comunicazione turistica aiutano a raccontare un luogo.,https://www.iismeuccimattei.edu.it/indirizzo-di-studio/turismo/
visita-interessi,Luoghi e persone,visita-interessi-4,"Come si confrontano prezzi, tempi e mezzi di trasporto per raggiungerlo.",afm,diretto,Confrontare spese e alternative richiama le decisioni studiate in Economia aziendale.,https://www.iismeuccimattei.edu.it/indirizzo-di-studio/amministrazione-finanza-e-marketing/
visita-interessi,Luoghi e persone,visita-interessi-4,"Come si confrontano prezzi, tempi e mezzi di trasporto per raggiungerlo.",turismo,trasversale,Costi e tempi entrano anche nell’organizzazione di un itinerario turistico.,https://www.iismeuccimattei.edu.it/indirizzo-di-studio/turismo/
visita-interessi,Luoghi e persone,visita-interessi-5,Come rendere la visita piacevole anche per chi ha esigenze diverse.,ssas,diretto,Considerare bisogni diversi e favorire la partecipazione si collega a Metodologie operative.,https://www.iismeuccimattei.edu.it/indirizzo-di-studio/servizi-per-la-sanita-e-lassistenza-sociale/
computer,Tecnologie,computer-1,Mettere in ordine informazioni e numeri per trovare una risposta.,sia,diretto,Archivi e organizzazione delle informazioni sono temi di Informatica.,https://www.iismeuccimattei.edu.it/indirizzo-di-studio/sistemi-informativi-aziendali/
computer,Tecnologie,computer-1,Mettere in ordine informazioni e numeri per trovare una risposta.,afm,trasversale,Anche AFM usa tabelle e dati per comprendere le scelte economiche.,https://www.iismeuccimattei.edu.it/indirizzo-di-studio/amministrazione-finanza-e-marketing/
computer,Tecnologie,computer-2,Capire i passaggi con cui un programma esegue un compito.,sia,diretto,Descrivere e verificare le istruzioni di un programma si collega a Informatica.,https://www.iismeuccimattei.edu.it/indirizzo-di-studio/sistemi-informativi-aziendali/
computer,Tecnologie,computer-3,"Creare una spiegazione chiara con parole, immagini e simboli.",turismo,diretto,Rendere chiara una comunicazione si collega a lingue e comunicazione nell’accoglienza.,https://www.iismeuccimattei.edu.it/indirizzo-di-studio/turismo/
computer,Tecnologie,computer-3,"Creare una spiegazione chiara con parole, immagini e simboli.",ssas,trasversale,Comunicare in modo comprensibile conta anche nella relazione e nei servizi alla persona.,https://www.iismeuccimattei.edu.it/indirizzo-di-studio/servizi-per-la-sanita-e-lassistenza-sociale/
computer,Tecnologie,computer-4,Rappresentare in tre dimensioni un oggetto o una stanza.,cat,diretto,Rappresentazione degli spazi e disegno digitale si collegano a Progettazione.,https://www.iismeuccimattei.edu.it/indirizzo-di-studio/costruzioni-ambiente-e-territorio/
computer,Tecnologie,computer-5,Confrontare il costo e le caratteristiche di prodotti diversi.,afm,diretto,Leggere caratteristiche e costi per scegliere si collega a Economia aziendale.,https://www.iismeuccimattei.edu.it/indirizzo-di-studio/amministrazione-finanza-e-marketing/
libro,Letture e curiosità,libro-1,Un racconto che ti fa conoscere persone e modi di vivere diversi.,turismo,diretto,Conoscere culture e modi di vivere aiuta nello studio delle lingue e nell’accoglienza.,https://www.iismeuccimattei.edu.it/indirizzo-di-studio/turismo/
libro,Letture e curiosità,libro-2,Un disegno che spiega come è fatto un edificio o un paesaggio.,cat,diretto,Leggere un disegno di uno spazio si collega a Progettazione e Costruzioni.,https://www.iismeuccimattei.edu.it/indirizzo-di-studio/costruzioni-ambiente-e-territorio/
libro,Letture e curiosità,libro-3,Un grafico che confronta dati e caratteristiche di alcuni prodotti.,sia,diretto,Organizzare e interpretare informazioni si collega a Informatica e ai dati aziendali.,https://www.iismeuccimattei.edu.it/indirizzo-di-studio/sistemi-informativi-aziendali/
libro,Letture e curiosità,libro-3,Un grafico che confronta dati e caratteristiche di alcuni prodotti.,afm,trasversale,Grafici e dati aiutano anche a confrontare costi e attività aziendali.,https://www.iismeuccimattei.edu.it/indirizzo-di-studio/amministrazione-finanza-e-marketing/
libro,Letture e curiosità,libro-4,Una spiegazione di come cambiano i bisogni delle persone con l’età.,ssas,diretto,Bisogni e cambiamenti della persona si approfondiscono in Psicologia e Igiene.,https://www.iismeuccimattei.edu.it/indirizzo-di-studio/servizi-per-la-sanita-e-lassistenza-sociale/
libro,Letture e curiosità,libro-5,La storia di un’azienda: che cosa produce e come lavora.,afm,diretto,Capire produzione e organizzazione si collega a Economia aziendale.,https://www.iismeuccimattei.edu.it/indirizzo-di-studio/amministrazione-finanza-e-marketing/
futuro,Futuro,futuro-1,"Il territorio, l’ambiente e il modo in cui cambiano i luoghi.",cat,diretto,Trasformazioni dei luoghi e ambiente si approfondiscono in Costruzioni e Topografia.,https://www.iismeuccimattei.edu.it/indirizzo-di-studio/costruzioni-ambiente-e-territorio/
futuro,Futuro,futuro-1,"Il territorio, l’ambiente e il modo in cui cambiano i luoghi.",turismo,trasversale,Leggere i cambiamenti dei luoghi conta anche per conoscerli e raccontarli.,https://www.iismeuccimattei.edu.it/indirizzo-di-studio/turismo/
futuro,Futuro,futuro-2,Il valore delle risorse e le scelte per usarle senza sprecarle.,afm,diretto,Valutare risorse e scelte economiche si collega a Economia aziendale.,https://www.iismeuccimattei.edu.it/indirizzo-di-studio/amministrazione-finanza-e-marketing/
futuro,Futuro,futuro-3,Il benessere delle persone e i modi per sostenerle nelle difficoltà.,ssas,diretto,"Benessere e sostegno alle persone si collegano a Igiene, Psicologia e Metodologie operative.",https://www.iismeuccimattei.edu.it/indirizzo-di-studio/servizi-per-la-sanita-e-lassistenza-sociale/
futuro,Futuro,futuro-4,I dati e gli strumenti digitali per capire ciò che succede intorno a noi.,sia,diretto,Usare dati e strumenti digitali per capire un problema si collega a Informatica.,https://www.iismeuccimattei.edu.it/indirizzo-di-studio/sistemi-informativi-aziendali/
futuro,Futuro,futuro-5,I diversi ruoli di un lavoro e il modo in cui collaborano le persone.,afm,diretto,Organizzazione e collaborazione nelle imprese si approfondiscono in Economia aziendale.,https://www.iismeuccimattei.edu.it/indirizzo-di-studio/amministrazione-finanza-e-marketing/
futuro,Futuro,futuro-5,I diversi ruoli di un lavoro e il modo in cui collaborano le persone.,sia,trasversale,"Anche SIA studia i processi aziendali, collegandoli ai sistemi informativi.",https://www.iismeuccimattei.edu.it/indirizzo-di-studio/sistemi-informativi-aziendali/
materie,Materie,materie-1,"Economia aziendale e Diritto: capire come funziona un’impresa, come si gestiscono le spese e quali regole si rispettano.",afm,diretto,Economia aziendale e Diritto sono materie caratterizzanti di AFM.,https://www.iismeuccimattei.edu.it/indirizzo-di-studio/amministrazione-finanza-e-marketing/
materie,Materie,materie-2,"Informatica ed Economia aziendale: costruire programmi, organizzare dati e rendere più semplice un’attività.",sia,diretto,Informatica applicata alle attività aziendali è il collegamento specifico di SIA.,https://www.iismeuccimattei.edu.it/indirizzo-di-studio/sistemi-informativi-aziendali/
materie,Materie,materie-3,"Lingue straniere, Arte e territorio e Geografia turistica: conoscere culture e progettare esperienze di visita.",turismo,diretto,"Lingue, Arte e territorio e Geografia turistica sono materie caratterizzanti di Turismo.",https://www.iismeuccimattei.edu.it/indirizzo-di-studio/turismo/
materie,Materie,materie-4,"Psicologia, Igiene e Metodologie operative: capire bisogni, relazioni e benessere, e progettare attività per le persone.",ssas,diretto,"Psicologia, Igiene e Metodologie operative sono materie caratterizzanti di SSAS.",https://www.iismeuccimattei.edu.it/indirizzo-di-studio/servizi-per-la-sanita-e-lassistenza-sociale/
materie,Materie,materie-5,"Progettazione e Topografia: misurare un luogo, disegnare spazi e capire come si costruisce.",cat,diretto,Progettazione e Topografia sono materie caratterizzanti di CAT.,https://www.iismeuccimattei.edu.it/indirizzo-di-studio/costruzioni-ambiente-e-territorio/
predisposizioni,Predisposizioni da coltivare,predisposizioni-1,"Quando devo scegliere, metto in ordine le spese e confronto vantaggi e svantaggi.",afm,diretto,Confrontare risorse e alternative è un modo di ragionare utile in Economia aziendale.,https://www.iismeuccimattei.edu.it/indirizzo-di-studio/amministrazione-finanza-e-marketing/
predisposizioni,Predisposizioni da coltivare,predisposizioni-2,"Quando qualcosa sul computer non funziona, provo un passaggio alla volta per capire dove si blocca.",sia,diretto,Scomporre un problema e verificare i passaggi è utile in Informatica.,https://www.iismeuccimattei.edu.it/indirizzo-di-studio/sistemi-informativi-aziendali/
predisposizioni,Predisposizioni da coltivare,predisposizioni-3,"Mi piace trovare parole, immagini o espressioni in un’altra lingua per raccontare qualcosa a chi non lo conosce.",turismo,diretto,Comunicare con persone di lingue e culture diverse si collega a Turismo.,https://www.iismeuccimattei.edu.it/indirizzo-di-studio/turismo/
predisposizioni,Predisposizioni da coltivare,predisposizioni-4,Mi accorgo quando qualcuno resta fuori da un’attività e cerco di capire come coinvolgerlo.,ssas,diretto,Osservare e favorire la partecipazione si collega a Psicologia e Metodologie operative.,https://www.iismeuccimattei.edu.it/indirizzo-di-studio/servizi-per-la-sanita-e-lassistenza-sociale/
predisposizioni,Predisposizioni da coltivare,predisposizioni-5,"Quando immagino un cambiamento, faccio uno schizzo e controllo misure e disposizione degli spazi.",cat,diretto,"Rappresentazione, misure e spazi si collegano a Progettazione e Topografia.",https://www.iismeuccimattei.edu.it/indirizzo-di-studio/costruzioni-ambiente-e-territorio/
sogni,Sogni,sogni-1,"Far partire una piccola attività con un gruppo: capire a chi serve, organizzare le risorse e renderla sostenibile.",afm,diretto,Trasformare un’idea in un’attività sostenibile si collega a Economia aziendale e Marketing.,https://www.iismeuccimattei.edu.it/indirizzo-di-studio/amministrazione-finanza-e-marketing/
sogni,Sogni,sogni-2,Inventare un’app che risolva un problema concreto e vedere qualcuno usarla davvero.,sia,diretto,Progettare e verificare una soluzione digitale si collega a Informatica.,https://www.iismeuccimattei.edu.it/indirizzo-di-studio/sistemi-informativi-aziendali/
sogni,Sogni,sogni-3,"Accogliere persone di altri paesi e far scoprire loro un luogo a cui tengo, parlando anche altre lingue.",turismo,diretto,"Accoglienza, lingue e valorizzazione dei luoghi si collegano a Turismo.",https://www.iismeuccimattei.edu.it/indirizzo-di-studio/turismo/
sogni,Sogni,sogni-4,"Ideare un’attività che aiuti bambini, anziani o persone in difficoltà a stare bene e partecipare.",ssas,diretto,Progettare attività per benessere e partecipazione si collega a Metodologie operative.,https://www.iismeuccimattei.edu.it/indirizzo-di-studio/servizi-per-la-sanita-e-lassistenza-sociale/
sogni,Sogni,sogni-5,"Ridisegnare uno spazio poco usato e immaginare come renderlo sicuro, accessibile e piacevole.",cat,diretto,Trasformare uno spazio considerando vincoli e sicurezza si collega a Progettazione e Costruzioni.,https://www.iismeuccimattei.edu.it/indirizzo-di-studio/costruzioni-ambiente-e-territorio/
aspirazioni,Aspirazioni,aspirazioni-1,"Capire numeri, costi e regole per gestire bene un progetto o un’attività.",afm,diretto,"Numeri, gestione e regole si collegano a Economia aziendale e Diritto.",https://www.iismeuccimattei.edu.it/indirizzo-di-studio/amministrazione-finanza-e-marketing/
aspirazioni,Aspirazioni,aspirazioni-2,"Creare uno strumento digitale affidabile, controllando che dati e istruzioni funzionino.",sia,diretto,Programmi e gestione affidabile dei dati si collegano a Informatica.,https://www.iismeuccimattei.edu.it/indirizzo-di-studio/sistemi-informativi-aziendali/
aspirazioni,Aspirazioni,aspirazioni-3,Usare più lingue e organizzare una visita che faccia conoscere bene un territorio.,turismo,diretto,"Lingue, Geografia turistica e Discipline turistiche e aziendali si incontrano negli itinerari.",https://www.iismeuccimattei.edu.it/indirizzo-di-studio/turismo/
aspirazioni,Aspirazioni,aspirazioni-4,"Capire meglio le persone, comunicare con attenzione e progettare attività adatte ai loro bisogni.",ssas,diretto,"Bisogni, relazione e progettazione di attività si collegano a Psicologia e Metodologie operative.",https://www.iismeuccimattei.edu.it/indirizzo-di-studio/servizi-per-la-sanita-e-lassistenza-sociale/
aspirazioni,Aspirazioni,aspirazioni-5,Leggere un territorio e trasformare un’idea in un disegno tecnico con misure e vincoli.,cat,diretto,"Misure, rilievi e disegno tecnico si collegano a Topografia e Progettazione.",https://www.iismeuccimattei.edu.it/indirizzo-di-studio/costruzioni-ambiente-e-territorio/
